knot_id	catalogue_exact_u	status	attempts	strands	word_length	rep_key	graph_node_id	graph_u_upper	cc_positions	zero_ri	zero_rii	zero_riii
knot:10_1	1	witness	3	9	40	b444f058b6c24513e0ce3dda56563209448e89249576befef4e634e73325792f			2	8	16	0
knot:10_2	3	witness	44	3	10	e6ccdfb42f4bd80d3c78b8a433c985bb817fd44ea3094fe1e7e6e3b0bb75b1d5	90736	6	1,3,4	2	4	1
knot:10_3	2	witness	459	9	40	afc1b56bb22886a3b269d3ca47730f3cdd4e246f592eb5f58638c038a940427b			14,18	8	16	0
knot:10_4	2	witness	73	7	26	feee83a5638a32396e3393f830725e17a5278d2d1bdca42270f3cbf8d19410a4	100216	10	3,4	6	10	0
knot:10_5	2	witness	19	3	10	f9226b9daa28988b6fe5cfaea77ec2c2c1a693a542a24d47171111bd824eea16	98002	5	2,4	2	4	2
knot:10_7	1	witness	10	7	26	d2f072a8642a5178af285f3089b4bf4545b80f7c1dd2ca3947dfc3b276ad6b0b	83113	16	9	6	10	1
knot:10_8	2	witness	64	5	16	94c23059e2f4b6ddaa0493b8e94634992b54fefe15127a445c923d943b80b1b8	58844	5	4,14	4	6	6
knot:10_9	1	witness	4	3	10	7cf6c6b73be972ebc7adf96ed25cd8036c47ca6a237f1c2b847b3fc9cbfc6c6e	49590	3	3	2	4	3
knot:10_10	1	witness	11	7	26	90aed61dbb4faaaeba8400da93dffb28b8617ea27121e5eb6d98e19013089030	57260	13	10	6	10	1
knot:10_12	2	witness	86	5	16	d58e9515e76ab6591ad6c2c632fd3a758ef744bb4d32e7c0824619a8cea8a429	84073	6	7,9	2	7	2
knot:10_13	2	witness	88	7	24	c46400e508b0516a5c08437b42195364c55b3220ad4851ac141c0e4b6067738e	77385	10	4,6	6	9	0
knot:10_14	2	witness	22	5	16	9cfceb792f693939d8ddb7893c7d8f54a89970e052287aeb661e3e48a7e17417	61997	5	1,8	2	7	2
knot:10_15	2	witness	23	5	16	7dfe418feb86a6f55cb56e4ad2fb0f60781573629fcdd23e0a74fba72603ee2b	49968	6	1,9	2	7	2
knot:10_16	2	witness	71	7	26	3f37613f892e52f99d4a49d747d109d412d6cce8285cee9467f5fb0470fc6397	25103	10	2,24	4	11	1
knot:10_17	1	witness	5	3	10	60fca203b3c891ba98702f0aecc334dda7c001964aad37bc04c38994e69a4e6a	38480	5	4	2	4	3
knot:10_18	1	witness	16	7	26	56db02de4593de88bbb0589077a44319daa0d1b85d50da4339295d13ae8b2446	34483	18	15	2	12	3
knot:10_19	2	witness	25	5	16	9b14e1e3b9c47177d8a3fe52e6c08143edeefe2575d927be5c069ee9cc6062dc	61252	6	1,11	2	7	2
knot:10_20	2	witness	305	7	26	edec4ac3d07ab6b9e32bb37e249b94fca98c1d11710af8f7a7ffeb5a8667bb20	93672	14	19,20	6	10	0
knot:10_21	2	witness	90	5	16	41c20cf376a4eb87af10a46546d2b7e56b559a64f215d93302bf289d296a7791	26089	7	7,13	4	6	1
knot:10_22	2	witness	56	5	16	2b3a4946826f5ce955922a891f9960d0b9ce9a36b20f73659ec8d69c276e69b6	16995	7	4,6	2	7	2
knot:10_23	1	witness	7	5	16	e1d95711ddcb18da48e668946c41f35349d43b86c8478d09e71a5eef137aa2e5	88843	6	6	4	6	2
knot:10_24	2	witness	157	7	26	44a3412ab415ddf8840b3c824e893d20414727ee63d73d594c19e07a25d7605c	27266	14	7,10	6	10	0
knot:10_25	2	witness	75	5	16	fedfeb686b851a8a8bf393e470b0e5616f0917a24ea2c861f3c84e776434bc3a	100204	7	5,15	4	6	1
knot:10_26	1	witness	14	5	16	bfb77d0de653c3fe2c62e843f46305187d7ac04330799f1fc93964c031fcdf71	75587	7	13	4	6	2
knot:10_27	1	miss	16	5	16	cbb4c014331484a8c4049a84397746554d29f78e3520ace2ad0133719007bc10	80229	6		0	0	0
knot:10_28	2	witness	54	7	26	9324e3f4fa3f0095dafd4a3952bbef41e3d84571d29acde2e61383a15891abd4	58204	13	2,7	2	12	4
knot:10_29	2	witness	68	5	14	75cc544a9fcead92668bfe752a9c6be494f10f7db35a01089f933b885e56d5cc	46764	7	6,11	4	5	1
knot:10_30	1	witness	16	7	26	c810c2c33979df3073dc1547746d3a9bf377125a99b40d86c05a7098ced5abf4	78850	14	15	4	11	2
knot:10_31	1	witness	15	7	26	e8f758d169ec4b92fcf5545902a1ff36e3ab07739b43719ed1e2a9a8758b50ff	91629	11	14	2	12	3
knot:10_32	1	witness	11	5	16	1603ace741c0aaf5771319f340677b464c1f44068b6fc8f5e719ad586f0e6942	8718	7	10	2	7	3
knot:10_33	1	witness	4	7	26	e7e9829ad2ade89d109832b21ec4a4e0bf7a90965200baf6736497c4cea70c47	91195	13	3	4	11	2
knot:10_34	2	witness	29	7	26	f98cc1462f5064b5e322648fcc21b8d8cb8cf17091706adb572b22afa61b60e4	98150	11	1,5	6	10	0
knot:10_35	2	witness	50	7	24	017ac52f0143039885ae0a0f0f06b7c485c1512f5525b70c2b0098fa1e45679b	606	10	2,7	6	9	0
knot:10_36	2	witness	141	7	26	22dbf8ec82a2b082099b69b9ad3ec638d02cf260b9b5f981a9470e23b53cac94	13725	16	6,12	6	10	0
knot:10_37	2	witness	146	7	26	c2fefb283f38372d80daa6e859f50c41c36f25725aab87c8597fc77b3588b651	76838	13	6,17	6	10	2
knot:10_38	2	witness	30	7	26	c35b888d8252d302721179a00999ffe103177f68a5f40d6d99f004d00d3aa686	76984	14	1,6	6	10	0
knot:10_39	2	witness	30	5	16	75732ca249c35953fa87ec75aff0b5617be246f3bf78c75c18ad383236881d22	46637	7	2,3	4	6	4
knot:10_40	2	witness	40	5	16	d2e0fa8f9fbd0a99b5556172aa5f8bc7fcf69771e57814c4b839f36a4607f9f4	83085	8	2,13	4	6	2
knot:10_41	2	witness	21	5	14	1890f65654b45f3100e884905a204ac307e47f7a18e36558c2d0c6768dde681a	9700	5	1,9	4	5	1
knot:10_42	1	witness	6	5	14	3bf9159dbd7d4a467382b8d59e2d23601ca1482bf835660e6655421ca7375aeb	23783	6	5	4	5	5
knot:10_43	2	witness	24	5	14	49116133b785ee02595412bdb0a5f1654c3eb6f941cfc639f29266564303916b	28999	6	1,12	4	5	1
knot:10_44	1	witness	2	5	14	bfcae7fb9f1e4208eff45aadb9c3a459ee4c9d46822fa73b070b5fa038e5d417	75608	7	1	2	6	3
knot:10_45	2	witness	19	5	14	bbeedd609d3b9b244236d88b8dac5e22689ec5a226347d63a9c663df7074d941	74105	8	1,7	4	5	1
knot:10_46	3	witness	39	3	10	1e79869f7bf2979b11d18bd4c2b6fc3d2cf3abe909fc51975f99997d8b6e3d8c	11947	6	1,2,5	2	4	1
knot:10_48	2	witness	3	3	10	2e5c160c3fcefa2354197afe736232f45ef837af3c536f1e58813f12a9330250	18312	2	0,3	2	4	2
knot:10_49	3	witness	139	5	18	b21944ba5863fce047551fe88477c4a257f77cbb44bf3d11f68e58030f4437b9	70263	7	1,2,5	4	7	0
knot:10_50	2	witness	66	5	16	a3e6225f45f8fb6b8ce9177440101d29916f43a45a5251eacc38617dbe6de3c4	64677	9	5,6	4	6	1
knot:10_52	2	witness	93	5	16	eb18119f557b47cc1f9a6fae858a1a53cedbc6eaee581df8ee2c0b3e50628812	92547	8	8,9	2	7	2
knot:10_53	3	witness	1510	7	28	04408371a2ff942f0ebcf734b277b21c1d0fe1af0d0f9c21c9f4a9bc31f6487a	1722	16	5,6,11	4	12	2
knot:10_55	2	witness	84	7	28	608682ec67e661bdebf03429331e81563f342cce1258227f73ad37034da0fe6f	38273	12	3,9	6	11	0
knot:10_56	2	witness	70	5	16	391cba74b7fc49c3bf486ccff33cba9692dca75b54ae78420d8d84abf7d9c37b	22653	7	5,10	2	7	2
knot:10_57	2	witness	21	5	16	026ecbd9c8f78b457eb491f9db91611d1f6cfa3415aebc63936c354d5feb00c3	993	6	1,7	4	6	1
knot:10_58	2	witness	145	7	24	d73b109381bc0f7deec556ca4ee4f54ea1ed484ea69d562120029ff69e01b29d	84737	10	7,12	6	9	0
knot:10_59	1	witness	3	5	14	eaa6b5bdc36630996d924b5d0ceae04e469620f87cd505eb04de832b8a4228a3	92381	5	2	4	5	2
knot:10_60	1	witness	4	5	16	67864090ce4eed50c843a51c8d32df59b60ae0cd9015c47c878bf6e1852b78f8	41042	11	3	4	6	2
knot:10_62	2	witness	43	3	10	ca6e7e8d5c1f2facdf2471da1628576c063a3896d5cdd1943def25b639804af6	79763	4	7,8	2	4	2
knot:10_63	2	witness	316	7	28	6e83c9d5c02892f477bc67eb86bc6f2897a2e843f7db018bbf4a454331616b63	43794	14	16,20	6	11	0
knot:10_64	2	witness	1	3	10	4fe43d3a5821ebff68555d26c22f344a911835f728b377e9340417354f7674df	31650	2	0,1	2	4	2
knot:10_65	2	witness	55	5	16	61f5a90e345385543f45620ee91451e8ab4896ff25a9095b5ff9672984eb7daa	38848	8	4,5	4	6	1
knot:10_66	3	witness	161	5	18	238af046cf2e11d885a380ed0b9a6ecb05e350f38656b14102d2915f01216a8f	13986	7	1,3,13	4	7	0
knot:10_67	2	witness	30	7	26	425d03caa01ca6d4036d0c1f2e76ba6ee0fb740fc9bffe1eb88adea05516ab90	26327	10	1,6	4	11	1
knot:10_68	2	witness	132	7	26	6ff5e7929b632cc50ad90a87d9924759746757e5d8a9aeb7bbcd3af41e092515	44391	13	5,22	6	10	1
knot:10_69	2	witness	18	5	16	0f07dfba9092f60a0189e07ab55ef6666313819644d882cf9ad9b0f9a4755b37	5982	6	1,4	4	6	1
knot:10_70	2	witness	29	5	14	1de8de53403095ce017eca413de7b7536fe242a6b6c465914c572d312b46260b	11742	7	2,6	4	5	1
knot:10_71	1	witness	7	5	14	b9f5c274579d744236fd4110d1c27b2352b8a3ea4771c90459d702f9e02db34c	73331	6	6	6	4	4
knot:10_72	2	witness	82	5	16	227993544cff9529da31759dd968ee58db1082c617526ab5942fe49a8209714d	13557	11	6,13	2	7	2
knot:10_73	1	witness	12	5	12	dd51e11df14b9d4dd62b778880420349545453533596cc683ac78e3b8301283d	87103	6	1	6	3	4
knot:10_74	2	witness	28	7	26	64367a3eef376671bf7d8afb8f68f510f429e4075b5ec9e0062cc85df1353457	39725	10	1,4	4	11	1
knot:10_75	2	witness	36	5	16	2b4f1dec937598e4e1bb619473b68cae6904b042e941d1ed79e32ecbc0f25261	17027	9	2,9	4	6	1
knot:10_78	2	witness	22	5	16	5138abf3f0e095ef6e0f3025b6df4b863372b58f91b15deae5be01508a357a02	32201	9	1,8	4	6	1
knot:10_80	3	witness	231	5	18	96c338a2223dd4fff6c0ed9c7ac92f3e0941e7d8d1a25accf07d411d8a40af4b	59607	5	1,10,13	4	7	0
knot:10_81	2	witness	31	5	14	62a5fc71ececc0eb7da9d4f0206e6f99896ea088bc53febda40a616beb1140ab	39113	6	2,8	4	5	1
knot:10_82	1	witness	10	3	10	62716aa0d7da35c81a43527846de854b8011222401d59cc7a5efb4e4b4b97ace	39041	4	9	2	4	3
knot:10_83	2	witness	23	5	16	9a4301720c43dad2096754713df892f3b0e8d6d6b20722851c3574204b9d8104	60922	7	1,9	4	6	2
knot:10_84	1	witness	7	5	16	8cf022a2d00b31b96034863d455467ef8c5f5d3737fb869211cb7ebd146469d1	55801	8	6	2	7	3
knot:10_85	2	witness	16	3	10	a04ed530c56b4e27c181b7959391f2389600213e24e86df34e2dc963e167280e	63271	3	1,8	2	4	2
knot:10_86	2	witness	89	5	16	cfdf6b44d24bd9fdab7154a2797413c3866868f53292db71c1596ce914450fb7	81917	8	7,12	4	6	1
knot:10_87	2	witness	23	5	16	0872bf43568aa4c03a0d770f306f4230afd182a26ad4e2e1ef9ea27f7872d9c2	3398	9	1,9	4	6	3
knot:10_88	1	witness	9	5	14	45d3db33c680e7a5c4f27ae077458f85df8ef5fbe782ce532ce5d8156505188e	27750	8	8	6	4	6
knot:10_89	2	witness	4	5	12	44a4cd9d599b352c9561eb771bd32bffe31f8bf05bce6bfcdd22b3806eee1cd7	27268	4	0,4	4	4	2
knot:10_90	2	witness	77	5	16	acfa566fbe9555173cb014682a517483df472d0b06aa0fbe1c89df41a2a3677c	68133	7	6,8	2	7	2
knot:10_91	1	witness	10	3	10	096c95ef0b37014266cbec3aad9e677f02556d11a8e4af96d145b80c1ef87e43	3821	3	9	2	4	3
knot:10_92	2	witness	25	5	16	dc33feed9f7d278eae525c89bc83f5d791982b912a25c1f741b6aa197466be2e	86669	7	1,11	2	7	3
knot:10_93	2	witness	43	5	16	ed3dcefd18b76463ccdb653c4d41ef2bd7b54a7ebcc3f95a57a25dc0c8c28e0f	93418	8	3,4	4	6	4
knot:10_94	2	witness	3	3	10	2329cda0643ac275fb8e25cc2a9bf6aecb8e38f373d30babd9df60125bbd6e52	13860	2	0,3	2	4	2
knot:10_95	1	witness	16	5	16	7e05d6ef296b9b6e864976f9c81efd2031cf71e8aa6ffc2c3e78019baea2493a	49984	8	3	4	6	5
knot:10_96	2	witness	24	5	12	b72192833ab589c7d5546a81b7d301be5e187ce098bf6050921a3107c19ead65	72266	5	2,5	4	4	1
knot:10_97	2	witness	187	7	26	f8c0468ad6fe68a513620e9b3f77ad044e5a4ed7821af319337e144774f2856a	97863	12	8,23	4	11	4
knot:10_98	2	witness	22	5	16	467e3681b53ef71b7752186f9fd28be9033a1b95a0f091de281b60d61916ac30	27995	5	1,8	4	6	1
knot:10_99	2	witness	22	3	10	b30781645eafb5f642393664dbbb799073edec642809d9d7f9ab7dd4f2d98d85	70627	3	2,7	2	4	3
knot:10_101	3	witness	439	7	28	29773f6a33b754f59e3dd77c41d00d0127bc34fed7d3554ca24f055f21170a40	16309	12	1,5,21	4	12	2
knot:10_102	1	witness	2	5	16	1c1c45423d42f448fa50bf41332a3902e4b6526a8c4840f34f41b020890d2620	11035	7	1	2	7	3
knot:10_103	3	witness	111	5	16	6bd933be4412595a614fd5d9aab593e6c22ab74b8b8e78bf255b16fafed259eb	42704	6	1,2,8	2	7	1
knot:10_104	1	witness	3	3	10	ac2b083fe3b6824602607237188aca33144f1d65ee7d632e3e1ac75e8b53319c	67862	3	2	2	4	3
knot:10_105	2	witness	22	5	14	d66641d35dcc6daab10d9a4af073655869f735878fcd649873aa0bc2aaef1e18	84399	5	1,10	2	6	2
knot:10_106	2	witness	18	3	10	3c2597cdcdd7f0850fa53807a3d7ee945cb9c19b6bbd69a8164915e246c53d2d	23845	2	2,3	2	4	2
knot:10_107	1	witness	12	5	14	e8a0897af26910b3ee3a9dbb786f79f5ec1382319c82d2623df5fd14e80682b7	91495	6	11	4	5	2
knot:10_108	2	witness	47	5	16	e9bde54cc4dd9ca6a5fa26644b0fcbdfbee85e089c5a0f8673c82608b8ddf9e9	91983	8	3,8	4	6	6
knot:10_109	2	witness	23	3	10	b6952ef9de3e048a8d60d9adb504f0522b86f96cd6a178d821f3d6db84f9b74b	72063	2	2,8	2	4	2
knot:10_110	2	witness	33	5	14	d08f5bc2448f5a22fc1ea75e95c6a45b25e925b6bbc2d918e79f023898edb0fa	82181	7	2,10	4	5	1
knot:10_111	2	witness	82	5	16	f0cd975dcaf1bc0263f6a023f37e5647ef4a81ea734089231ef8d9021b559330	94834	7	6,13	2	7	2
knot:10_112	2	witness	34	3	10	fe3ea5abc0c0fdd7992b099048b4f2adb7866cfb7e355c74afd7dc0f77c6900a	99948	3	4,8	2	4	2
knot:10_113	1	witness	2	5	16	d59e252a72bfec64f8db5ca2213869347d01993dbf1088ae91d0e1a52bd024e5	84106	8	1	2	7	3
knot:10_114	1	witness	5	5	16	abb56d86cac75fd9c1fc7fb5fd78a051f5876edfa6b55a75eb60550e44d0e20a	67683	9	4	2	7	3
knot:10_115	2	witness	22	5	14	5b14a6a761d92534d93bf5fe64f4a2e8b9105032d91c182f2cccef8a8a636312	36167	6	1,10	2	6	2
knot:10_116	2	witness	5	3	10	2829e5f7617c8809fdc63050f48b19ac10ee8c0e8423ea0b5853401e622a020c	15810	6	0,5	2	4	2
knot:10_117	2	witness	48	5	16	4f513f1e51a4a931f635768bfe6d220f187dd7c5e2b38dc8199abc2da7729a45	31419	6	3,9	2	7	2
knot:10_118	1	witness	7	3	10	a8e6c45776709725fb36ceabc4660b90b9a759506df7061039eec9824439ed41	66565	3	6	2	4	3
knot:10_119	1	witness	14	5	16	09696072f624be95cb300c33805da74554acf5167d64c635e9c3dcf2aa23db0a	3814	7	13	4	6	2
knot:10_120	3	witness	398	7	28	b6b4b8b5c6688a36490c6b8529fa62096d00e15cd1925b8946587ab12ad1edc4	72113	14	1,3,25	4	12	2
knot:10_121	2	witness	18	5	16	03eafb9b52f883f7f58c9de3a946834a39b6439000b5a53c2cd88d8b1d8ab2b8	1595	6	1,4	4	6	1
knot:10_122	2	witness	26	5	16	6eed8f60b0534b737354e285cd06622d2bca65cc051c27b5605a6545cea4d90c	43977	5	1,12	2	7	2
knot:10_123	2	witness	5	3	10	9afd4ad27df4420ba9071b21494e8f79e93ba21e675ca96ef8a226ae07e7e167	61211	3	0,5	2	4	2
knot:10_124	4	witness	19	3	10	19c3a34737dd6821fd91ffded2db402d4ac71664a803a6c1010fcd64c99d0f54	10149	4	0,1,5,6	2	4	0
knot:10_125	2	witness	4	3	10	66308b49824be18ddbecaa88a6478df715c7354961c6e2026a21543698f071fa	40516	4	0,4	2	4	1
knot:10_126	2	witness	31	3	10	2cd4b652cf4aea9b83fe1df3f9b5f806bbbfe69d2a72dbdfa2dabe36d2435031	17705	5	4,5	2	4	1
knot:10_127	2	witness	18	5	18	22cbaf244faf5a30cb923c81c2ef1a91a1523e3174cdc2331685be2541a7b1ac	13696	7	1,2	2	8	0
knot:10_128	3	witness	172	5	16	671102e64b84216c599c54dad28f6b3a6ec4e54dd5f6627c70c62dd6fd8425e6	40875	7	1,8,12	4	6	0
knot:10_129	1	witness	16	5	16	3d70ea2ba3b8166473f9ba3947a1f15ba19e88711fe84fcabc6ad64167d17f3d	24359	8	8	2	7	3
knot:10_130	2	witness	20	5	16	fcef25bc398e9f24a09ebb7b060ffd0cbccb92ebb894a022d685e83a0fe86559	99432	8	1,6	2	7	0
knot:10_131	1	witness	10	5	16	44fdcf8b4575d6b7e680da3c15812fa0e22817480156e329ad03e4ad9acfa056	27420	7	9	4	6	1
knot:10_132	1	witness	2	5	16	3522ac391832b78061bb4943e077c0af8a67047aaee2704ff0e95675c765d80a	21047	6	1	4	6	0
knot:10_133	1	witness	2	5	16	4711c4109de903ff142b3c99cfd24a3e3e6dd52f35f8e36f4344e9f16ff22a96	28223	5	1	4	6	0
knot:10_134	3	witness	172	5	16	6d294240400e442015db2b52a70a3709efdcdaa637cd1d9f9f176961a5b93354	43239	7	1,8,12	4	6	0
knot:10_135	2	witness	90	5	16	6bcc89bd9c4fad2d477a658ce21819348741d8f659ea4b09ab230f0be78cfb0f	42683	6	7,13	2	7	0
knot:10_136	1	witness	3	5	16	ab088938ab69acce78747e433af4616fce1642116811a9f5af4bd978ddc47eb2	67419	5	2	2	7	1
knot:10_137	1	witness	11	5	16	b57715b870add8c144fade0a5668f1171e8805bc429f748d87791b2db87187ac	71611	9	10	4	6	1
knot:10_138	2	witness	38	5	16	94e042f082aed06db4ff1f4187c22cbc75afa370ff094398cf36445d7b584ea5	58886	7	2,11	4	6	1
knot:10_139	4	witness	5	3	10	66ce16900e0198a3f380cf16b801058e49f6820f34421c79951309dcae55b9e8	40756	4	0,1,2,7	2	4	1
knot:10_140	2	witness	18	5	16	d175a3e5da745f2ed20757b8b30306bd7ab1d999bc7c8fedb646dd5a0880dd6c	82534	8	1,4	4	6	0
knot:10_141	1	witness	2	3	10	78cbb62fcc1c9ec670c90bba72c56d1e572f69d00eb59792fedb162faf03e83c	47951	2	1	2	4	1
knot:10_142	3	witness	478	5	16	239054563ed8c8b7bcfa274d2257ecc9163fef618e321d21bf4de71c26f17d7c	13995	7	7,8,10	4	6	0
knot:10_143	1	witness	6	3	10	acc9f263e60b133a3ae3f7d5ef6c81e7972d893988bcb089b9d7123dda65023b	68060	5	5	2	4	1
knot:10_144	2	witness	84	7	28	455fd08f7c302ebda5ab74fd83a7706ff05bcff29867d011f0bb7f160ed08075	27563	16	3,9	6	11	0
knot:10_145	2	witness	21	5	14	782bff225dd576a164a7139da3f9a143ed08916da0ded6d20b5145fd3ab333d7	47705	4	1,9	4	5	0
knot:10_146	1	witness	13	7	26	933ba55ce1c0ef513a8e65948c2edccbc915cccf10c14056c334332fd217fd7b	58245	13	12	2	12	0
knot:10_147	1	witness	5	5	16	8560c864816f0c451c7b0ea3be568ac402a2fc39708e7d3e8844d3cb1a84de4f	52872	7	4	2	7	1
knot:10_148	2	witness	20	3	10	60d770eaf0599271bc0849cb445111008c2c9fb5839a8fa2a48f60d55b336139	38415	5	2,5	2	4	2
knot:10_149	2	witness	22	3	10	6cfde9a3382ca1a6583c319698460048dc8c4b2e26780f9e0ac0edf5a0414f74	43168	4	2,7	2	4	0
knot:10_150	2	witness	20	5	16	fc0c05ac4b89f15d356ee4a6ce2c235a569d90349eb068a464720dddc4ca4780	99135	7	1,6	2	7	1
knot:10_151	2	witness	21	5	14	b1a31622bfe82b297246211666403556f6ff76727f1fd4e55d3baf3d2b05b14e	70074	6	1,9	4	5	2
knot:10_152	4	witness	11	3	10	7fef563946979e15eab9b2722e751dc34788fe86443967916b775d6bb4923fff	50741	4	0,1,3,7	2	4	0
knot:10_153	2	witness	103	5	18	c5ebc8c10e07386842d8626d123e521b496d2980c41e0c235bf7165926b3aebe	78011	6	7,12	2	8	0
knot:10_154	3	witness	130	5	14	f68b084296465a8afbb23f9c8d57c5584acbdda05facaa0efafb10a21559b569	97016	5	1,8,9	4	5	0
knot:10_155	2	witness	2	3	10	7b9f08782ac28a06c0fcaff79df1175d35a27676ddd6f121a30c8cf84482c8d4	49019	2	0,2	2	4	0
knot:10_156	1	witness	3	5	14	747258df3451a8ea424a4cc87d8f3918b8771b8ce250f5b4bd54c014b785d5f9	46215	6	2	4	5	2
knot:10_157	2	witness	14	3	10	6f37816c5c294769bef096a22198af02bc1ea37321f7f7c1766a84e832543560	44103	6	1,6	2	4	0
knot:10_158	2	witness	33	5	16	872fa9eefebb075c2a1611d94384555260f2af37d34beaeaa0485d110bfa297d	53526	7	2,6	2	7	1
knot:10_159	1	witness	2	3	10	3c4fb7b9c3efa4697672a5d91ee552b061408fdd16fe9afec2fe2b1bffcd9a19	23922	1	1	2	4	1
knot:10_160	2	witness	27	5	16	c49cf9cbdc1f231c83e7185dca494e466049b95bd2e6cf2b3ad32e979c4a482d	77475	7	1,13	2	7	1
knot:10_161	3	witness	38	3	10	b2179524ac85f0e6e0993990797c8183166646e77a54cc707939653c16f87595	70260	5	1,2,4	2	4	0
knot:10_162	2	miss	91	5	14	36fccd7932701eb6ded5fdef82b0de6a0648d7e1f1ceb384d5eca0fc2bf1f3e0	21847	5		0	0	0
knot:10_163	2	witness	18	5	16	2ef8ff124931b1570e101fd9575c70a4e0555116d185db75583cc0663beade17	18578	7	1,4	2	7	0
knot:10_164	1	miss	16	5	16	1e993598e7f6f21ff42e15151eadb0e705eaeba0f6657cc190692a0d94ac844c	12000	6		0	0	0
knot:10_165	2	witness	41	5	16	cec924c98bb7b48e59b5d6b71554bc6d2145b69711c258783af023db155bbfbc	81465	6	2,14	4	6	2
